﻿{"Version":"1.1","Setting":{"OCRModule":"YandexVision","OCRScale":2.0,"OCRLanguages":"Russian","OCRLanguagesForAnchors":"Russian","OCRGetText":"Auto","OCRCellScale":40,"OCRVertCellScale":20,"HorizLineFilter":50,"AutoRotatedPage":true,"AutoAlignmentPage":true,"AutoAlignmentPageValue":10,"ProcessPdfAnnotation":false,"ProcesssingAllPages":false,"GluingBlocks":false,"SplitBlocks":false,"IgnoreAnchorErrors":false,"RemoveBlockGreaterSize":"","OCRImageCropPercent":"","FindStamp":false},"Anchors":[{"ID":1,"Places":[],"Type":"Text","Value":["№"],"MinArea":0,"Mode":"Default","ValueCheckingMode":"Default","SeparatedWord":true,"IgnoreCase":true,"VerifyPositions":true,"SearchReverse":false,"CaptureNearbyBlocks":"","ImageCropPercent":"","Description":"","Anchors":[]},{"ID":2,"Places":[],"Type":"Text","Value":["от"],"MinArea":0,"Mode":"Default","ValueCheckingMode":"Default","SeparatedWord":true,"IgnoreCase":true,"VerifyPositions":true,"SearchReverse":false,"CaptureNearbyBlocks":"","ImageCropPercent":"","Description":"","Anchors":[]},{"ID":4,"Places":[],"Type":"Text","Value":["ИНН 78*"],"MinArea":0,"Mode":"Default","ValueCheckingMode":"Default","SeparatedWord":true,"IgnoreCase":true,"VerifyPositions":true,"SearchReverse":false,"CaptureNearbyBlocks":"","ImageCropPercent":"","Description":"","Anchors":[]},{"ID":8,"Places":[],"Type":"Text","Value":[" инн 77*"],"MinArea":0,"Mode":"Default","ValueCheckingMode":"Default","SeparatedWord":true,"IgnoreCase":true,"VerifyPositions":true,"SearchReverse":false,"CaptureNearbyBlocks":"","ImageCropPercent":"","Description":"","Anchors":[]},{"ID":10,"Places":[],"Type":"Text","Value":["заказчик:"],"MinArea":0,"Mode":"Default","ValueCheckingMode":"Default","SeparatedWord":true,"IgnoreCase":true,"VerifyPositions":true,"SearchReverse":false,"CaptureNearbyBlocks":"","ImageCropPercent":"","Description":"","Anchors":[]},{"ID":11,"Places":[],"Type":"Text","Value":["исполнитель*"],"MinArea":0,"Mode":"Default","ValueCheckingMode":"Default","SeparatedWord":true,"IgnoreCase":true,"VerifyPositions":true,"SearchReverse":false,"CaptureNearbyBlocks":"","ImageCropPercent":"","Description":"","Anchors":[]}],"Attributes":[{"Name":"Номер документа","Places":[{"ID":1,"Binding":"Right","BindingPoint":"None","Forced":false,"Necessarily":false,"OffsetX":"0","OffsetY":"0"},{"ID":2,"Binding":"Left","BindingPoint":"None","Forced":false,"Necessarily":false,"OffsetX":"0","OffsetY":"0"}],"LineBound":"None","CorrectAngle":false,"AreaAnchorPlace":null,"Area":{"X":0,"Y":0,"Width":0,"Heigth":0,"InitWidth":0,"InitHeigth":0},"MinCount":0,"DataType":"","ValueFormat":"","ErrorIsEmpty":false,"CheckPlacesSuccess":false,"Mode":"Default","Description":""},{"Name":"Дата документа","Places":[{"ID":2,"Binding":"Right","BindingPoint":"None","Forced":false,"Necessarily":false,"OffsetX":"0","OffsetY":"0"}],"LineBound":"None","CorrectAngle":false,"AreaAnchorPlace":null,"Area":{"X":0,"Y":0,"Width":0,"Heigth":0,"InitWidth":0,"InitHeigth":0},"MinCount":0,"DataType":"DateTime","ValueFormat":"dd.mm.yyyy","ErrorIsEmpty":false,"CheckPlacesSuccess":false,"Mode":"Default","Description":""},{"Name":"Исполнитель","Places":[{"ID":4,"Binding":"Left","BindingPoint":"None","Forced":false,"Necessarily":false,"OffsetX":"0","OffsetY":"0"},{"ID":11,"Binding":"TopRight","BindingPoint":"LeftEdge","Forced":false,"Necessarily":false,"OffsetX":"0","OffsetY":"0"}],"LineBound":"None","CorrectAngle":false,"AreaAnchorPlace":null,"Area":{"X":0,"Y":0,"Width":0,"Heigth":0,"InitWidth":0,"InitHeigth":0},"MinCount":0,"DataType":"","ValueFormat":"","ErrorIsEmpty":false,"CheckPlacesSuccess":false,"Mode":"Default","Description":""},{"Name":"Заказчик","Places":[{"ID":8,"Binding":"Left","BindingPoint":"None","Forced":false,"Necessarily":false,"OffsetX":"0","OffsetY":"0"},{"ID":10,"Binding":"TopRight","BindingPoint":"LeftEdge","Forced":false,"Necessarily":false,"OffsetX":"0","OffsetY":"0"}],"LineBound":"None","CorrectAngle":false,"AreaAnchorPlace":null,"Area":{"X":0,"Y":0,"Width":0,"Heigth":0,"InitWidth":0,"InitHeigth":0},"MinCount":0,"DataType":"","ValueFormat":"","ErrorIsEmpty":false,"CheckPlacesSuccess":false,"Mode":"Default","Description":""}],"Tables":[{"Ordinal":0,"HeaderRows":1,"CaptionRows":1,"ParentAnchor":null,"LimitingAnchor":null,"UpperBoundingAnchor":null,"LowerBoundingAnchor":null,"ColumnCount":5,"MaxColumnCount":6,"ExactEqualityColumns":false,"OnlyFirstPageColumns":false,"GluingTables":true,"ErrorIsEmpty":false,"Columns":[{"Index":0,"Caption":"Номер","DataType":"","ValueFormat":""},{"Index":1,"Caption":"Название услуг/Товара","DataType":"","ValueFormat":""},{"Index":2,"Caption":"Количество","DataType":"","ValueFormat":""},{"Index":3,"Caption":"Единицы","DataType":"","ValueFormat":""},{"Index":4,"Caption":"Цена","DataType":"","ValueFormat":""},{"Index":5,"Caption":"Сумма","DataType":"","ValueFormat":""}]}],"DrawingTables":[]}