﻿{"Version":"1.1","Setting":{"OCRModule":"YandexVision","OCRScale":2.0,"OCRLanguages":"Russian","OCRLanguagesForAnchors":"Russian","OCRGetText":"No","OCRCellScale":40,"OCRVertCellScale":20,"HorizLineFilter":0,"AutoRotatedPage":true,"AutoAlignmentPage":true,"AutoAlignmentPageValue":10,"ProcessPdfAnnotation":false,"ProcesssingAllPages":true,"GluingBlocks":false,"SplitBlocks":false,"IgnoreAnchorErrors":false,"RemoveBlockGreaterSize":"","OCRImageCropPercent":"","FindStamp":false},"Anchors":[{"ID":1,"Places":[],"Type":"Text","Value":["*счет:*"],"MinArea":0,"Mode":"Default","ValueCheckingMode":"Default","SeparatedWord":true,"IgnoreCase":true,"VerifyPositions":true,"SearchReverse":false,"CaptureNearbyBlocks":"","ImageCropPercent":"","Description":"","Anchors":[]},{"ID":2,"Places":[],"Type":"Text","Value":["*телесистемы\"*"],"MinArea":0,"Mode":"Default","ValueCheckingMode":"Default","SeparatedWord":true,"IgnoreCase":true,"VerifyPositions":true,"SearchReverse":false,"CaptureNearbyBlocks":"","ImageCropPercent":"","Description":"","Anchors":[]},{"ID":4,"Places":[],"Type":"Text","Value":["*выполненных*"],"MinArea":0,"Mode":"Default","ValueCheckingMode":"Default","SeparatedWord":true,"IgnoreCase":true,"VerifyPositions":true,"SearchReverse":false,"CaptureNearbyBlocks":"","ImageCropPercent":"","Description":"","Anchors":[]},{"ID":5,"Places":[],"Type":"Text","Value":["*от*"],"MinArea":0,"Mode":"Default","ValueCheckingMode":"Default","SeparatedWord":true,"IgnoreCase":true,"VerifyPositions":true,"SearchReverse":false,"CaptureNearbyBlocks":"","ImageCropPercent":"","Description":"","Anchors":[]},{"ID":6,"Places":[],"Type":"Text","Value":["№"],"MinArea":0,"Mode":"Default","ValueCheckingMode":"Default","SeparatedWord":true,"IgnoreCase":true,"VerifyPositions":true,"SearchReverse":false,"CaptureNearbyBlocks":"","ImageCropPercent":"","Description":"","Anchors":[]},{"ID":7,"Places":[],"Type":"Text","Value":["* сумм*"],"MinArea":0,"Mode":"Default","ValueCheckingMode":"Default","SeparatedWord":true,"IgnoreCase":true,"VerifyPositions":true,"SearchReverse":false,"CaptureNearbyBlocks":"","ImageCropPercent":"","Description":"","Anchors":[]},{"ID":8,"Places":[],"Type":"Text","Value":["*руб.*"],"MinArea":0,"Mode":"Default","ValueCheckingMode":"Default","SeparatedWord":true,"IgnoreCase":true,"VerifyPositions":true,"SearchReverse":false,"CaptureNearbyBlocks":"","ImageCropPercent":"","Description":"","Anchors":[]},{"ID":9,"Places":[],"Type":"Text","Value":["*инновационных*"],"MinArea":0,"Mode":"Default","ValueCheckingMode":"Default","SeparatedWord":true,"IgnoreCase":true,"VerifyPositions":true,"SearchReverse":false,"CaptureNearbyBlocks":"","ImageCropPercent":"","Description":"","Anchors":[]},{"ID":10,"Places":[],"Type":"Text","Value":["нет."],"MinArea":0,"Mode":"Default","ValueCheckingMode":"Default","SeparatedWord":true,"IgnoreCase":true,"VerifyPositions":true,"SearchReverse":false,"CaptureNearbyBlocks":"","ImageCropPercent":"","Description":"","Anchors":[]}],"Attributes":[{"Name":"Дата документа","Places":[{"ID":1,"Binding":"BottomRight","BindingPoint":"TopEdge","Forced":false,"Necessarily":false,"OffsetX":"0","OffsetY":"0"},{"ID":2,"Binding":"Top","BindingPoint":"BottomEdge","Forced":false,"Necessarily":false,"OffsetX":"0","OffsetY":"0"}],"LineBound":"None","CorrectAngle":false,"AreaAnchorPlace":null,"Area":{"X":0,"Y":0,"Width":0,"Heigth":0,"InitWidth":0,"InitHeigth":0},"MinCount":0,"DataType":"DateTime","ValueFormat":"dd.MM.yyyy","ErrorIsEmpty":false,"CheckPlacesSuccess":false,"Mode":"Default","Description":""},{"Name":"Номер документа","Places":[{"ID":4,"Binding":"Bottom","BindingPoint":"TopEdge","Forced":false,"Necessarily":false,"OffsetX":"0","OffsetY":"0"},{"ID":1,"Binding":"Top","BindingPoint":"BottomEdge","Forced":false,"Necessarily":false,"OffsetX":"0","OffsetY":"0"},{"ID":5,"Binding":"Left","BindingPoint":"RightEdge","Forced":false,"Necessarily":false,"OffsetX":"0","OffsetY":"0"},{"ID":6,"Binding":"Right","BindingPoint":"LeftEdge","Forced":false,"Necessarily":false,"OffsetX":"0","OffsetY":"0"}],"LineBound":"None","CorrectAngle":false,"AreaAnchorPlace":null,"Area":{"X":0,"Y":0,"Width":0,"Heigth":0,"InitWidth":0,"InitHeigth":0},"MinCount":0,"DataType":"Int","ValueFormat":"","ErrorIsEmpty":false,"CheckPlacesSuccess":false,"Mode":"Default","Description":""},{"Name":"Сумма","Places":[{"ID":7,"Binding":"Right","BindingPoint":"LeftEdge","Forced":false,"Necessarily":false,"OffsetX":"0","OffsetY":"0"},{"ID":8,"Binding":"Left","BindingPoint":"RightEdge","Forced":false,"Necessarily":false,"OffsetX":"0","OffsetY":"0"},{"ID":9,"Binding":"Bottom","BindingPoint":"TopEdge","Forced":false,"Necessarily":false,"OffsetX":"0","OffsetY":"0"},{"ID":10,"Binding":"Top","BindingPoint":"BottomEdge","Forced":false,"Necessarily":false,"OffsetX":"0","OffsetY":"0"}],"LineBound":"Down","CorrectAngle":true,"AreaAnchorPlace":null,"Area":{"X":0,"Y":0,"Width":0,"Heigth":0,"InitWidth":0,"InitHeigth":0},"MinCount":0,"DataType":"Float","ValueFormat":"","ErrorIsEmpty":false,"CheckPlacesSuccess":true,"Mode":"Default","Description":""},{"Name":"Заказчик","Places":[],"LineBound":"None","CorrectAngle":false,"AreaAnchorPlace":null,"Area":{"X":0,"Y":0,"Width":0,"Heigth":0,"InitWidth":0,"InitHeigth":0},"MinCount":0,"DataType":"","ValueFormat":"","ErrorIsEmpty":false,"CheckPlacesSuccess":false,"Mode":"Default","Description":""},{"Name":"Исполнитель","Places":[],"LineBound":"None","CorrectAngle":false,"AreaAnchorPlace":null,"Area":{"X":0,"Y":0,"Width":0,"Heigth":0,"InitWidth":0,"InitHeigth":0},"MinCount":0,"DataType":"","ValueFormat":"","ErrorIsEmpty":false,"CheckPlacesSuccess":false,"Mode":"Default","Description":""},{"Name":"Название услуги/Товара","Places":[],"LineBound":"None","CorrectAngle":false,"AreaAnchorPlace":null,"Area":{"X":0,"Y":0,"Width":0,"Heigth":0,"InitWidth":0,"InitHeigth":0},"MinCount":0,"DataType":"","ValueFormat":"","ErrorIsEmpty":false,"CheckPlacesSuccess":false,"Mode":"Default","Description":""},{"Name":"Количество","Places":[],"LineBound":"None","CorrectAngle":false,"AreaAnchorPlace":null,"Area":{"X":0,"Y":0,"Width":0,"Heigth":0,"InitWidth":0,"InitHeigth":0},"MinCount":0,"DataType":"","ValueFormat":"","ErrorIsEmpty":false,"CheckPlacesSuccess":false,"Mode":"Default","Description":""},{"Name":"Цена","Places":[],"LineBound":"None","CorrectAngle":false,"AreaAnchorPlace":null,"Area":{"X":0,"Y":0,"Width":0,"Heigth":0,"InitWidth":0,"InitHeigth":0},"MinCount":0,"DataType":"","ValueFormat":"","ErrorIsEmpty":false,"CheckPlacesSuccess":false,"Mode":"Default","Description":""}],"Tables":[],"DrawingTables":[]}