﻿{"Version":"1.1","Setting":{"OCRModule":"YandexVision","OCRScale":2.0,"OCRLanguages":"Russian","OCRLanguagesForAnchors":"Russian","OCRGetText":"No","OCRCellScale":40,"OCRVertCellScale":20,"HorizLineFilter":5,"AutoRotatedPage":true,"AutoAlignmentPage":true,"AutoAlignmentPageValue":10,"ProcessPdfAnnotation":false,"ProcesssingAllPages":false,"GluingBlocks":false,"SplitBlocks":false,"IgnoreAnchorErrors":false,"RemoveBlockGreaterSize":"","OCRImageCropPercent":"","FindStamp":false},"Anchors":[{"ID":1,"Places":[],"Type":"Text","Value":["исполнитель "],"MinArea":0,"Mode":"Default","ValueCheckingMode":"Default","SeparatedWord":true,"IgnoreCase":true,"VerifyPositions":true,"SearchReverse":false,"CaptureNearbyBlocks":"","ImageCropPercent":"","Description":"","Anchors":[]},{"ID":2,"Places":[],"Type":"Text","Value":["заказчик: "],"MinArea":0,"Mode":"Default","ValueCheckingMode":"Default","SeparatedWord":true,"IgnoreCase":true,"VerifyPositions":true,"SearchReverse":false,"CaptureNearbyBlocks":"","ImageCropPercent":"","Description":"","Anchors":[]},{"ID":3,"Places":[],"Type":"Text","Value":["№ "],"MinArea":0,"Mode":"Default","ValueCheckingMode":"Default","SeparatedWord":true,"IgnoreCase":true,"VerifyPositions":true,"SearchReverse":false,"CaptureNearbyBlocks":"","ImageCropPercent":"","Description":"","Anchors":[]},{"ID":4,"Places":[],"Type":"Text","Value":[" от "],"MinArea":0,"Mode":"Default","ValueCheckingMode":"Default","SeparatedWord":true,"IgnoreCase":true,"VerifyPositions":true,"SearchReverse":false,"CaptureNearbyBlocks":"","ImageCropPercent":"","Description":"","Anchors":[]}],"Attributes":[{"Name":"Исполнитель","Places":[{"ID":1,"Binding":"Right","BindingPoint":"None","Forced":false,"Necessarily":false,"OffsetX":"0","OffsetY":"0"}],"LineBound":"None","CorrectAngle":false,"AreaAnchorPlace":null,"Area":{"X":0,"Y":0,"Width":0,"Heigth":0,"InitWidth":0,"InitHeigth":0},"MinCount":0,"DataType":"","ValueFormat":"","ErrorIsEmpty":false,"CheckPlacesSuccess":false,"Mode":"Default","Description":""},{"Name":"Заказчик","Places":[{"ID":2,"Binding":"Right","BindingPoint":"None","Forced":false,"Necessarily":false,"OffsetX":"0","OffsetY":"0"}],"LineBound":"None","CorrectAngle":false,"AreaAnchorPlace":null,"Area":{"X":0,"Y":0,"Width":0,"Heigth":0,"InitWidth":0,"InitHeigth":0},"MinCount":0,"DataType":"","ValueFormat":"","ErrorIsEmpty":false,"CheckPlacesSuccess":false,"Mode":"Default","Description":""},{"Name":"Номер документа","Places":[{"ID":3,"Binding":"Right","BindingPoint":"None","Forced":false,"Necessarily":false,"OffsetX":"0","OffsetY":"0"},{"ID":4,"Binding":"Left","BindingPoint":"None","Forced":false,"Necessarily":false,"OffsetX":"0","OffsetY":"0"}],"LineBound":"None","CorrectAngle":false,"AreaAnchorPlace":null,"Area":{"X":0,"Y":0,"Width":0,"Heigth":0,"InitWidth":0,"InitHeigth":0},"MinCount":0,"DataType":"","ValueFormat":"","ErrorIsEmpty":false,"CheckPlacesSuccess":false,"Mode":"Default","Description":""},{"Name":"Дата документа","Places":[{"ID":4,"Binding":"Right","BindingPoint":"None","Forced":false,"Necessarily":false,"OffsetX":"0","OffsetY":"0"}],"LineBound":"None","CorrectAngle":false,"AreaAnchorPlace":null,"Area":{"X":0,"Y":0,"Width":0,"Heigth":0,"InitWidth":0,"InitHeigth":0},"MinCount":0,"DataType":"DateTime","ValueFormat":"dd.MM.yyyy","ErrorIsEmpty":false,"CheckPlacesSuccess":false,"Mode":"Default","Description":""}],"Tables":[{"Ordinal":0,"HeaderRows":1,"CaptionRows":1,"ParentAnchor":null,"LimitingAnchor":null,"UpperBoundingAnchor":null,"LowerBoundingAnchor":null,"ColumnCount":6,"MaxColumnCount":6,"ExactEqualityColumns":false,"OnlyFirstPageColumns":true,"GluingTables":false,"ErrorIsEmpty":false,"Columns":[{"Index":0,"Caption":"Num","DataType":"Int","ValueFormat":""},{"Index":1,"Caption":"Название услуг/товара","DataType":"","ValueFormat":""},{"Index":2,"Caption":"Количество","DataType":"","ValueFormat":""},{"Index":3,"Caption":"Единица","DataType":"","ValueFormat":""},{"Index":4,"Caption":"Цена","DataType":"","ValueFormat":""},{"Index":5,"Caption":"Сумма","DataType":"","ValueFormat":""}]}],"DrawingTables":[]}